graphics_name,solution,topic,id,question,choice1,choice2,choice3,choice4
p5g5m,p5g5m,1405,,1,1,1,1,1
e72cd,e72cd,1405,,1,1,1,1,1
pgmn2,pgmn2,1405,,1,1,1,1,1
6cm6m,6cm6m,1405,,1,1,1,1,1
68wfd,68wfd,1405,,1,1,1,1,1
byc82,byc82,1405,,1,1,1,1,1
gcx6f,gcx6f,1405,,1,1,1,1,1
d8dce,d8dce,1405,,1,1,1,1,1
gd4mf,gd4mf,1405,,1,1,1,1,1
fy2nd,fy2nd,1405,,1,1,1,1,1
37ep6,37ep6,1405,,1,1,1,1,1
4nnf3,4nnf3,1405,,1,1,1,1,1
ygenn,ygenn,1405,,1,1,1,1,1
c4527,c4527,1405,,1,1,1,1,1
x37bf,x37bf,1405,,1,1,1,1,1
mx8bb,mx8bb,1405,,1,1,1,1,1
ncfgb,ncfgb,1405,,1,1,1,1,1
ewnx8,ewnx8,1405,,1,1,1,1,1
2nx38,2nx38,1405,,1,1,1,1,1
wmpmp,wmpmp,1405,,1,1,1,1,1
pyf65,pyf65,1405,,1,1,1,1,1
nxxf8,nxxf8,1405,,1,1,1,1,1
ny5dp,ny5dp,1405,,1,1,1,1,1
cfp86,cfp86,1405,,1,1,1,1,1
2xc2n,2xc2n,1405,,1,1,1,1,1
378e5,378e5,1405,,1,1,1,1,1
d22y5,d22y5,1405,,1,1,1,1,1
w4nfx,w4nfx,1405,,1,1,1,1,1
7mgmf,7mgmf,1405,,1,1,1,1,1
25p2m,25p2m,1405,,1,1,1,1,1
nbwnn,nbwnn,1405,,1,1,1,1,1
egxmp,egxmp,1405,,1,1,1,1,1
56ncx,56ncx,1405,,1,1,1,1,1
gnbn4,gnbn4,1405,,1,1,1,1,1
gw468,gw468,1405,,1,1,1,1,1
n8ydd,n8ydd,1405,,1,1,1,1,1
n7meb,n7meb,1405,,1,1,1,1,1
36w25,36w25,1405,,1,1,1,1,1
nnf8b,nnf8b,1405,,1,1,1,1,1
cewnm,cewnm,1405,,1,1,1,1,1
g2fnw,g2fnw,1405,,1,1,1,1,1
excmn,excmn,1405,,1,1,1,1,1
c6we6,c6we6,1405,,1,1,1,1,1
mmg2m,mmg2m,1405,,1,1,1,1,1
7nnnx,7nnnx,1405,,1,1,1,1,1
55y2m,55y2m,1405,,1,1,1,1,1
5ywwf,5ywwf,1405,,1,1,1,1,1
w75w8,w75w8,1405,,1,1,1,1,1
5nm6d,5nm6d,1405,,1,1,1,1,1
cwgyx,cwgyx,1405,,1,1,1,1,1
wxy4n,wxy4n,1405,,1,1,1,1,1
8gmnx,8gmnx,1405,,1,1,1,1,1
7fmcy,7fmcy,1405,,1,1,1,1,1
cc845,cc845,1405,,1,1,1,1,1
77387,77387,1405,,1,1,1,1,1
22d5n,22d5n,1405,,1,1,1,1,1
ny3dw,ny3dw,1405,,1,1,1,1,1
wye85,wye85,1405,,1,1,1,1,1
6825y,6825y,1405,,1,1,1,1,1
43gey,43gey,1405,,1,1,1,1,1
fg38b,fg38b,1405,,1,1,1,1,1
2gyb6,2gyb6,1405,,1,1,1,1,1
efx34,efx34,1405,,1,1,1,1,1
6wg4n,6wg4n,1405,,1,1,1,1,1
xxney,xxney,1405,,1,1,1,1,1
8db67,8db67,1405,,1,1,1,1,1
ffpxf,ffpxf,1405,,1,1,1,1,1
2mg87,2mg87,1405,,1,1,1,1,1
428b6,428b6,1405,,1,1,1,1,1
84w7x,84w7x,1405,,1,1,1,1,1
npxb7,npxb7,1405,,1,1,1,1,1
3n7mx,3n7mx,1405,,1,1,1,1,1
832f3,832f3,1405,,1,1,1,1,1
pnmxf,pnmxf,1405,,1,1,1,1,1
c2yn8,c2yn8,1405,,1,1,1,1,1
6bdn5,6bdn5,1405,,1,1,1,1,1
g3ex3,g3ex3,1405,,1,1,1,1,1
dc436,dc436,1405,,1,1,1,1,1
deneb,deneb,1405,,1,1,1,1,1
4cfw8,4cfw8,1405,,1,1,1,1,1
7p852,7p852,1405,,1,1,1,1,1
gm2c2,gm2c2,1405,,1,1,1,1,1
yd3m3,yd3m3,1405,,1,1,1,1,1
gymmn,gymmn,1405,,1,1,1,1,1
gc2wd,gc2wd,1405,,1,1,1,1,1
x76mn,x76mn,1405,,1,1,1,1,1
478nx,478nx,1405,,1,1,1,1,1
bxxfc,bxxfc,1405,,1,1,1,1,1
5bg8f,5bg8f,1405,,1,1,1,1,1
wnpec,wnpec,1405,,1,1,1,1,1
gfxcc,gfxcc,1405,,1,1,1,1,1
37d52,37d52,1405,,1,1,1,1,1
een23,een23,1405,,1,1,1,1,1
6m5eg,6m5eg,1405,,1,1,1,1,1
43xfe,43xfe,1405,,1,1,1,1,1
e6b7y,e6b7y,1405,,1,1,1,1,1
nxx25,nxx25,1405,,1,1,1,1,1
n3m6x,n3m6x,1405,,1,1,1,1,1
pg2yx,pg2yx,1405,,1,1,1,1,1
bpwd7,bpwd7,1405,,1,1,1,1,1
m457d,m457d,1405,,1,1,1,1,1
ccf2w,ccf2w,1405,,1,1,1,1,1
p4nm4,p4nm4,1405,,1,1,1,1,1
mmy5n,mmy5n,1405,,1,1,1,1,1
8e32m,8e32m,1405,,1,1,1,1,1
4n2yg,4n2yg,1405,,1,1,1,1,1
gnf85,gnf85,1405,,1,1,1,1,1
m2nf4,m2nf4,1405,,1,1,1,1,1
c7nn8,c7nn8,1405,,1,1,1,1,1
7d44m,7d44m,1405,,1,1,1,1,1
cwmny,cwmny,1405,,1,1,1,1,1
6fg8c,6fg8c,1405,,1,1,1,1,1
mcc2x,mcc2x,1405,,1,1,1,1,1
pdcp4,pdcp4,1405,,1,1,1,1,1
xdn65,xdn65,1405,,1,1,1,1,1
b35f6,b35f6,1405,,1,1,1,1,1
g7fmc,g7fmc,1405,,1,1,1,1,1
5yxgp,5yxgp,1405,,1,1,1,1,1
ndecc,ndecc,1405,,1,1,1,1,1
2pfpn,2pfpn,1405,,1,1,1,1,1
3p67n,3p67n,1405,,1,1,1,1,1
gcfgp,gcfgp,1405,,1,1,1,1,1
5np4m,5np4m,1405,,1,1,1,1,1
dd764,dd764,1405,,1,1,1,1,1
n6xc5,n6xc5,1405,,1,1,1,1,1
5nnff,5nnff,1405,,1,1,1,1,1
ng756,ng756,1405,,1,1,1,1,1
6bnnm,6bnnm,1405,,1,1,1,1,1
7g3nf,7g3nf,1405,,1,1,1,1,1
eng53,eng53,1405,,1,1,1,1,1
2nbcx,2nbcx,1405,,1,1,1,1,1
2w4y7,2w4y7,1405,,1,1,1,1,1
57wdp,57wdp,1405,,1,1,1,1,1
b685n,b685n,1405,,1,1,1,1,1
byfgn,byfgn,1405,,1,1,1,1,1
3ym7f,3ym7f,1405,,1,1,1,1,1
gxxpf,gxxpf,1405,,1,1,1,1,1
ewcf5,ewcf5,1405,,1,1,1,1,1
w6pxy,w6pxy,1405,,1,1,1,1,1
57gnx,57gnx,1405,,1,1,1,1,1
368y5,368y5,1405,,1,1,1,1,1
pwn5e,pwn5e,1405,,1,1,1,1,1
2p2y8,2p2y8,1405,,1,1,1,1,1
cdfen,cdfen,1405,,1,1,1,1,1
6mygb,6mygb,1405,,1,1,1,1,1
d7c5x,d7c5x,1405,,1,1,1,1,1
x362g,x362g,1405,,1,1,1,1,1
mmg38,mmg38,1405,,1,1,1,1,1
f83pn,f83pn,1405,,1,1,1,1,1
mfc35,mfc35,1405,,1,1,1,1,1
px2xp,px2xp,1405,,1,1,1,1,1
8g4yp,8g4yp,1405,,1,1,1,1,1
cm6yb,cm6yb,1405,,1,1,1,1,1
p2x7x,p2x7x,1405,,1,1,1,1,1
nm46n,nm46n,1405,,1,1,1,1,1
3xcgg,3xcgg,1405,,1,1,1,1,1
pxne8,pxne8,1405,,1,1,1,1,1
p8c24,p8c24,1405,,1,1,1,1,1
7fde7,7fde7,1405,,1,1,1,1,1
dmxp8,dmxp8,1405,,1,1,1,1,1
64b3p,64b3p,1405,,1,1,1,1,1
6f857,6f857,1405,,1,1,1,1,1
n7dyb,n7dyb,1405,,1,1,1,1,1
3eny7,3eny7,1405,,1,1,1,1,1
n5n8b,n5n8b,1405,,1,1,1,1,1
n5w5g,n5w5g,1405,,1,1,1,1,1
5g5e5,5g5e5,1405,,1,1,1,1,1
7cdge,7cdge,1405,,1,1,1,1,1
nmy2x,nmy2x,1405,,1,1,1,1,1
6f2yc,6f2yc,1405,,1,1,1,1,1
488de,488de,1405,,1,1,1,1,1
c4bgd,c4bgd,1405,,1,1,1,1,1
823p2,823p2,1405,,1,1,1,1,1
edwny,edwny,1405,,1,1,1,1,1
4fc36,4fc36,1405,,1,1,1,1,1
56c34,56c34,1405,,1,1,1,1,1
w4cnn,w4cnn,1405,,1,1,1,1,1
5n728,5n728,1405,,1,1,1,1,1
e4gd7,e4gd7,1405,,1,1,1,1,1
pg4bf,pg4bf,1405,,1,1,1,1,1
feyc8,feyc8,1405,,1,1,1,1,1
p57fn,p57fn,1405,,1,1,1,1,1
yfdn7,yfdn7,1405,,1,1,1,1,1
xymfn,xymfn,1405,,1,1,1,1,1
8n5p3,8n5p3,1405,,1,1,1,1,1
4ycex,4ycex,1405,,1,1,1,1,1
ppwyd,ppwyd,1405,,1,1,1,1,1
6n6gg,6n6gg,1405,,1,1,1,1,1
556wd,556wd,1405,,1,1,1,1,1
d4ppy,d4ppy,1405,,1,1,1,1,1
wm47f,wm47f,1405,,1,1,1,1,1
7dxbd,7dxbd,1405,,1,1,1,1,1
nfcb5,nfcb5,1405,,1,1,1,1,1
wbncw,wbncw,1405,,1,1,1,1,1
f7cey,f7cey,1405,,1,1,1,1,1
gxx2p,gxx2p,1405,,1,1,1,1,1
befbd,befbd,1405,,1,1,1,1,1
n8fp6,n8fp6,1405,,1,1,1,1,1
b5dn4,b5dn4,1405,,1,1,1,1,1
edg3p,edg3p,1405,,1,1,1,1,1
n5x2n,n5x2n,1405,,1,1,1,1,1
g2577,g2577,1405,,1,1,1,1,1
de7f8,de7f8,1405,,1,1,1,1,1
fcey3,fcey3,1405,,1,1,1,1,1
3n3cf,3n3cf,1405,,1,1,1,1,1
gpxng,gpxng,1405,,1,1,1,1,1
cpe63,cpe63,1405,,1,1,1,1,1
2en7g,2en7g,1405,,1,1,1,1,1
bf52c,bf52c,1405,,1,1,1,1,1
wf684,wf684,1405,,1,1,1,1,1
fcne6,fcne6,1405,,1,1,1,1,1
e76n4,e76n4,1405,,1,1,1,1,1
44c22,44c22,1405,,1,1,1,1,1
8ypdn,8ypdn,1405,,1,1,1,1,1
5xd2e,5xd2e,1405,,1,1,1,1,1
gy8xb,gy8xb,1405,,1,1,1,1,1
bm3p8,bm3p8,1405,,1,1,1,1,1
8b735,8b735,1405,,1,1,1,1,1
7dgc2,7dgc2,1405,,1,1,1,1,1
bc8nf,bc8nf,1405,,1,1,1,1,1
7f8b3,7f8b3,1405,,1,1,1,1,1
yyn57,yyn57,1405,,1,1,1,1,1
3ndxd,3ndxd,1405,,1,1,1,1,1
xcf88,xcf88,1405,,1,1,1,1,1
eppg3,eppg3,1405,,1,1,1,1,1
xyyyw,xyyyw,1405,,1,1,1,1,1
gdng3,gdng3,1405,,1,1,1,1,1
nf2n8,nf2n8,1405,,1,1,1,1,1
nfbg8,nfbg8,1405,,1,1,1,1,1
pn7pn,pn7pn,1405,,1,1,1,1,1
xyncc,xyncc,1405,,1,1,1,1,1
pe4xn,pe4xn,1405,,1,1,1,1,1
ddcdd,ddcdd,1405,,1,1,1,1,1
x74b2,x74b2,1405,,1,1,1,1,1
cx3wg,cx3wg,1405,,1,1,1,1,1
5mf7c,5mf7c,1405,,1,1,1,1,1
n5wbg,n5wbg,1405,,1,1,1,1,1
7w67m,7w67m,1405,,1,1,1,1,1
dfnx4,dfnx4,1405,,1,1,1,1,1
6c3p5,6c3p5,1405,,1,1,1,1,1
g8gnd,g8gnd,1405,,1,1,1,1,1
2cgyx,2cgyx,1405,,1,1,1,1,1
33b22,33b22,1405,,1,1,1,1,1
g55b4,g55b4,1405,,1,1,1,1,1
ccn2x,ccn2x,1405,,1,1,1,1,1
4d22m,4d22m,1405,,1,1,1,1,1
2g7nm,2g7nm,1405,,1,1,1,1,1
74853,74853,1405,,1,1,1,1,1
d3ycn,d3ycn,1405,,1,1,1,1,1
4exnn,4exnn,1405,,1,1,1,1,1
7bwm2,7bwm2,1405,,1,1,1,1,1
mmfm6,mmfm6,1405,,1,1,1,1,1
6e554,6e554,1405,,1,1,1,1,1
6e2dg,6e2dg,1405,,1,1,1,1,1
6dmx7,6dmx7,1405,,1,1,1,1,1
3dgmf,3dgmf,1405,,1,1,1,1,1
nny5e,nny5e,1405,,1,1,1,1,1
e8dxn,e8dxn,1405,,1,1,1,1,1
33ng4,33ng4,1405,,1,1,1,1,1
2mpnn,2mpnn,1405,,1,1,1,1,1
32dnn,32dnn,1405,,1,1,1,1,1
pw5nc,pw5nc,1405,,1,1,1,1,1
pyefb,pyefb,1405,,1,1,1,1,1
y4g3b,y4g3b,1405,,1,1,1,1,1
m6n4x,m6n4x,1405,,1,1,1,1,1
537nf,537nf,1405,,1,1,1,1,1
5p8fm,5p8fm,1405,,1,1,1,1,1
2356g,2356g,1405,,1,1,1,1,1
8n2pg,8n2pg,1405,,1,1,1,1,1
8684m,8684m,1405,,1,1,1,1,1
cnex4,cnex4,1405,,1,1,1,1,1
nfd8g,nfd8g,1405,,1,1,1,1,1
y32yy,y32yy,1405,,1,1,1,1,1
mw5p2,mw5p2,1405,,1,1,1,1,1
2n73f,2n73f,1405,,1,1,1,1,1
7m8px,7m8px,1405,,1,1,1,1,1
d66cn,d66cn,1405,,1,1,1,1,1
c7gb3,c7gb3,1405,,1,1,1,1,1
6p2ge,6p2ge,1405,,1,1,1,1,1
6g45w,6g45w,1405,,1,1,1,1,1
gwn53,gwn53,1405,,1,1,1,1,1
n265y,n265y,1405,,1,1,1,1,1
5mcy7,5mcy7,1405,,1,1,1,1,1
m8m4x,m8m4x,1405,,1,1,1,1,1
e25xg,e25xg,1405,,1,1,1,1,1
2enf4,2enf4,1405,,1,1,1,1,1
e46yw,e46yw,1405,,1,1,1,1,1
wb3ed,wb3ed,1405,,1,1,1,1,1
77wp4,77wp4,1405,,1,1,1,1,1
6bxwg,6bxwg,1405,,1,1,1,1,1
7gp47,7gp47,1405,,1,1,1,1,1
x7422,x7422,1405,,1,1,1,1,1
pgwnp,pgwnp,1405,,1,1,1,1,1
8bbm4,8bbm4,1405,,1,1,1,1,1
nb267,nb267,1405,,1,1,1,1,1
7yf62,7yf62,1405,,1,1,1,1,1
bd3b7,bd3b7,1405,,1,1,1,1,1
nf7bn,nf7bn,1405,,1,1,1,1,1
yxd7m,yxd7m,1405,,1,1,1,1,1
m4g8g,m4g8g,1405,,1,1,1,1,1
8gf7n,8gf7n,1405,,1,1,1,1,1
dbny3,dbny3,1405,,1,1,1,1,1
f753f,f753f,1405,,1,1,1,1,1
65m85,65m85,1405,,1,1,1,1,1
w7e6m,w7e6m,1405,,1,1,1,1,1
6ydyp,6ydyp,1405,,1,1,1,1,1
gy433,gy433,1405,,1,1,1,1,1
3nfdn,3nfdn,1405,,1,1,1,1,1
cd4eg,cd4eg,1405,,1,1,1,1,1
373gb,373gb,1405,,1,1,1,1,1
244e2,244e2,1405,,1,1,1,1,1
d2ycw,d2ycw,1405,,1,1,1,1,1
y7d75,y7d75,1405,,1,1,1,1,1
fyfbn,fyfbn,1405,,1,1,1,1,1
ddmyg,ddmyg,1405,,1,1,1,1,1
4nc37,4nc37,1405,,1,1,1,1,1
xcmbp,xcmbp,1405,,1,1,1,1,1
c43b4,c43b4,1405,,1,1,1,1,1
xdcn4,xdcn4,1405,,1,1,1,1,1
e8e5e,e8e5e,1405,,1,1,1,1,1
6ecbn,6ecbn,1405,,1,1,1,1,1
7dwx4,7dwx4,1405,,1,1,1,1,1
xf5g7,xf5g7,1405,,1,1,1,1,1
5mfff,5mfff,1405,,1,1,1,1,1
6xpme,6xpme,1405,,1,1,1,1,1
dw6mn,dw6mn,1405,,1,1,1,1,1
n3bm6,n3bm6,1405,,1,1,1,1,1
c4bny,c4bny,1405,,1,1,1,1,1
268g2,268g2,1405,,1,1,1,1,1
g3dy6,g3dy6,1405,,1,1,1,1,1
ndg2b,ndg2b,1405,,1,1,1,1,1
pbpgc,pbpgc,1405,,1,1,1,1,1
76n7p,76n7p,1405,,1,1,1,1,1
mmc5n,mmc5n,1405,,1,1,1,1,1
gy5bf,gy5bf,1405,,1,1,1,1,1
n5cm7,n5cm7,1405,,1,1,1,1,1
nbmx7,nbmx7,1405,,1,1,1,1,1
n7enn,n7enn,1405,,1,1,1,1,1
f22bn,f22bn,1405,,1,1,1,1,1
mbp2y,mbp2y,1405,,1,1,1,1,1
67dey,67dey,1405,,1,1,1,1,1
42dw4,42dw4,1405,,1,1,1,1,1
5npdn,5npdn,1405,,1,1,1,1,1
w46ep,w46ep,1405,,1,1,1,1,1
fp5wn,fp5wn,1405,,1,1,1,1,1
32cnn,32cnn,1405,,1,1,1,1,1
c3n8x,c3n8x,1405,,1,1,1,1,1
n6f4b,n6f4b,1405,,1,1,1,1,1
m8gmx,m8gmx,1405,,1,1,1,1,1
n7ebx,n7ebx,1405,,1,1,1,1,1
fpw76,fpw76,1405,,1,1,1,1,1
3x5fm,3x5fm,1405,,1,1,1,1,1
w4x2m,w4x2m,1405,,1,1,1,1,1
4m2w5,4m2w5,1405,,1,1,1,1,1
pxdwp,pxdwp,1405,,1,1,1,1,1
65ebm,65ebm,1405,,1,1,1,1,1
6pwcn,6pwcn,1405,,1,1,1,1,1
e6m6p,e6m6p,1405,,1,1,1,1,1
f858x,f858x,1405,,1,1,1,1,1
d75b5,d75b5,1405,,1,1,1,1,1
x8xnp,x8xnp,1405,,1,1,1,1,1
yg5bb,yg5bb,1405,,1,1,1,1,1
3nnpw,3nnpw,1405,,1,1,1,1,1
ne325,ne325,1405,,1,1,1,1,1
c3572,c3572,1405,,1,1,1,1,1
nfg23,nfg23,1405,,1,1,1,1,1
6n5fd,6n5fd,1405,,1,1,1,1,1
2bg48,2bg48,1405,,1,1,1,1,1
5bgp2,5bgp2,1405,,1,1,1,1,1
3ye2e,3ye2e,1405,,1,1,1,1,1
7dyww,7dyww,1405,,1,1,1,1,1
24f6w,24f6w,1405,,1,1,1,1,1
43mn5,43mn5,1405,,1,1,1,1,1
n8pfe,n8pfe,1405,,1,1,1,1,1
dnmd8,dnmd8,1405,,1,1,1,1,1
m5meg,m5meg,1405,,1,1,1,1,1
6ng6n,6ng6n,1405,,1,1,1,1,1
x277e,x277e,1405,,1,1,1,1,1
f5cm2,f5cm2,1405,,1,1,1,1,1
8bbw8,8bbw8,1405,,1,1,1,1,1
7pcd7,7pcd7,1405,,1,1,1,1,1
x347n,x347n,1405,,1,1,1,1,1
gecmf,gecmf,1405,,1,1,1,1,1
4c8n8,4c8n8,1405,,1,1,1,1,1
bp2d4,bp2d4,1405,,1,1,1,1,1
38n57,38n57,1405,,1,1,1,1,1
nn6mg,nn6mg,1405,,1,1,1,1,1
8cccc,8cccc,1405,,1,1,1,1,1
47m2b,47m2b,1405,,1,1,1,1,1
dyp7n,dyp7n,1405,,1,1,1,1,1
72m6f,72m6f,1405,,1,1,1,1,1
664dn,664dn,1405,,1,1,1,1,1
n7ff2,n7ff2,1405,,1,1,1,1,1
pgg3n,pgg3n,1405,,1,1,1,1,1
mb4en,mb4en,1405,,1,1,1,1,1
bmxpe,bmxpe,1405,,1,1,1,1,1
ddpyb,ddpyb,1405,,1,1,1,1,1
c5xne,c5xne,1405,,1,1,1,1,1
43p5d,43p5d,1405,,1,1,1,1,1
gewfy,gewfy,1405,,1,1,1,1,1
46mbm,46mbm,1405,,1,1,1,1,1
x775w,x775w,1405,,1,1,1,1,1
d7nn3,d7nn3,1405,,1,1,1,1,1
f4fn2,f4fn2,1405,,1,1,1,1,1
6c3n6,6c3n6,1405,,1,1,1,1,1
2fxgd,2fxgd,1405,,1,1,1,1,1
wxcn8,wxcn8,1405,,1,1,1,1,1
8xef7,8xef7,1405,,1,1,1,1,1
ncww7,ncww7,1405,,1,1,1,1,1
pgm2e,pgm2e,1405,,1,1,1,1,1
x7746,x7746,1405,,1,1,1,1,1
3b4we,3b4we,1405,,1,1,1,1,1
ncw4g,ncw4g,1405,,1,1,1,1,1
dce8y,dce8y,1405,,1,1,1,1,1
3n2b4,3n2b4,1405,,1,1,1,1,1
8n56m,8n56m,1405,,1,1,1,1,1
53wp3,53wp3,1405,,1,1,1,1,1
6fgdw,6fgdw,1405,,1,1,1,1,1
23n88,23n88,1405,,1,1,1,1,1
fncnb,fncnb,1405,,1,1,1,1,1
pp87n,pp87n,1405,,1,1,1,1,1
y3c58,y3c58,1405,,1,1,1,1,1
nybcx,nybcx,1405,,1,1,1,1,1
x5nyn,x5nyn,1405,,1,1,1,1,1
ng46m,ng46m,1405,,1,1,1,1,1
mwdf6,mwdf6,1405,,1,1,1,1,1
nn4wx,nn4wx,1405,,1,1,1,1,1
nwg2m,nwg2m,1405,,1,1,1,1,1
7634y,7634y,1405,,1,1,1,1,1
p6mn8,p6mn8,1405,,1,1,1,1,1
d2nbn,d2nbn,1405,,1,1,1,1,1
c8n8c,c8n8c,1405,,1,1,1,1,1
p2dw7,p2dw7,1405,,1,1,1,1,1
f8f8g,f8f8g,1405,,1,1,1,1,1
c6745,c6745,1405,,1,1,1,1,1
gbxyy,gbxyy,1405,,1,1,1,1,1
3ygde,3ygde,1405,,1,1,1,1,1
33f7m,33f7m,1405,,1,1,1,1,1
efb3f,efb3f,1405,,1,1,1,1,1
658xe,658xe,1405,,1,1,1,1,1
ycmcw,ycmcw,1405,,1,1,1,1,1
b4d7c,b4d7c,1405,,1,1,1,1,1
mpmy5,mpmy5,1405,,1,1,1,1,1
gnbde,gnbde,1405,,1,1,1,1,1
d3c8y,d3c8y,1405,,1,1,1,1,1
ydd3g,ydd3g,1405,,1,1,1,1,1
7b4bm,7b4bm,1405,,1,1,1,1,1
3ebpw,3ebpw,1405,,1,1,1,1,1
y48c3,y48c3,1405,,1,1,1,1,1
fp3wy,fp3wy,1405,,1,1,1,1,1
cd6p4,cd6p4,1405,,1,1,1,1,1
g247w,g247w,1405,,1,1,1,1,1
wyc25,wyc25,1405,,1,1,1,1,1
55w5c,55w5c,1405,,1,1,1,1,1
4egem,4egem,1405,,1,1,1,1,1
fdpgd,fdpgd,1405,,1,1,1,1,1
6b46g,6b46g,1405,,1,1,1,1,1
xwx7d,xwx7d,1405,,1,1,1,1,1
n4wwn,n4wwn,1405,,1,1,1,1,1
gf2g4,gf2g4,1405,,1,1,1,1,1
25m6p,25m6p,1405,,1,1,1,1,1
5f3gf,5f3gf,1405,,1,1,1,1,1
f85y3,f85y3,1405,,1,1,1,1,1
ngn26,ngn26,1405,,1,1,1,1,1
fp762,fp762,1405,,1,1,1,1,1
5x5nx,5x5nx,1405,,1,1,1,1,1
cfc2y,cfc2y,1405,,1,1,1,1,1
6end3,6end3,1405,,1,1,1,1,1
5mnpd,5mnpd,1405,,1,1,1,1,1
8np22,8np22,1405,,1,1,1,1,1
e2mg2,e2mg2,1405,,1,1,1,1,1
33n73,33n73,1405,,1,1,1,1,1
8npd5,8npd5,1405,,1,1,1,1,1
8npe3,8npe3,1405,,1,1,1,1,1
pwebm,pwebm,1405,,1,1,1,1,1
f228n,f228n,1405,,1,1,1,1,1
44ype,44ype,1405,,1,1,1,1,1
bcwnn,bcwnn,1405,,1,1,1,1,1
y53c2,y53c2,1405,,1,1,1,1,1
gp22x,gp22x,1405,,1,1,1,1,1
ee8fg,ee8fg,1405,,1,1,1,1,1
p5nce,p5nce,1405,,1,1,1,1,1
8c2wy,8c2wy,1405,,1,1,1,1,1
w8bnx,w8bnx,1405,,1,1,1,1,1
wfy5m,wfy5m,1405,,1,1,1,1,1
85dxn,85dxn,1405,,1,1,1,1,1
p7fyp,p7fyp,1405,,1,1,1,1,1
3d7bd,3d7bd,1405,,1,1,1,1,1
b4y5x,b4y5x,1405,,1,1,1,1,1
xe6eb,xe6eb,1405,,1,1,1,1,1
x7547,x7547,1405,,1,1,1,1,1
24pew,24pew,1405,,1,1,1,1,1
cdf77,cdf77,1405,,1,1,1,1,1
ddcne,ddcne,1405,,1,1,1,1,1
dnxdp,dnxdp,1405,,1,1,1,1,1
fw3b2,fw3b2,1405,,1,1,1,1,1
nw5b2,nw5b2,1405,,1,1,1,1,1
4743p,4743p,1405,,1,1,1,1,1
3fbxd,3fbxd,1405,,1,1,1,1,1
by5y3,by5y3,1405,,1,1,1,1,1
cfn53,cfn53,1405,,1,1,1,1,1
nbwpn,nbwpn,1405,,1,1,1,1,1
m75bf,m75bf,1405,,1,1,1,1,1
b43nw,b43nw,1405,,1,1,1,1,1
6xen4,6xen4,1405,,1,1,1,1,1
pnnwy,pnnwy,1405,,1,1,1,1,1
f2m8n,f2m8n,1405,,1,1,1,1,1
243mm,243mm,1405,,1,1,1,1,1
b5pnn,b5pnn,1405,,1,1,1,1,1
574d7,574d7,1405,,1,1,1,1,1
4433m,4433m,1405,,1,1,1,1,1
nxcmn,nxcmn,1405,,1,1,1,1,1
nxc83,nxc83,1405,,1,1,1,1,1
mdyp7,mdyp7,1405,,1,1,1,1,1
6mege,6mege,1405,,1,1,1,1,1
3x325,3x325,1405,,1,1,1,1,1
pdw38,pdw38,1405,,1,1,1,1,1
87d4c,87d4c,1405,,1,1,1,1,1
675p3,675p3,1405,,1,1,1,1,1
5pm6b,5pm6b,1405,,1,1,1,1,1
m5ym2,m5ym2,1405,,1,1,1,1,1
6wb76,6wb76,1405,,1,1,1,1,1
f6ww8,f6ww8,1405,,1,1,1,1,1
y4ec2,y4ec2,1405,,1,1,1,1,1
nmw46,nmw46,1405,,1,1,1,1,1
78eec,78eec,1405,,1,1,1,1,1
5x7x5,5x7x5,1405,,1,1,1,1,1
8d2nd,8d2nd,1405,,1,1,1,1,1
men4f,men4f,1405,,1,1,1,1,1
b26nd,b26nd,1405,,1,1,1,1,1
82fx2,82fx2,1405,,1,1,1,1,1
m2576,m2576,1405,,1,1,1,1,1
wnmyn,wnmyn,1405,,1,1,1,1,1
5nggg,5nggg,1405,,1,1,1,1,1
f5e5e,f5e5e,1405,,1,1,1,1,1
fcmem,fcmem,1405,,1,1,1,1,1
mfb3x,mfb3x,1405,,1,1,1,1,1
3g2w6,3g2w6,1405,,1,1,1,1,1
226md,226md,1405,,1,1,1,1,1
ncyx8,ncyx8,1405,,1,1,1,1,1
y2436,y2436,1405,,1,1,1,1,1
7xcyd,7xcyd,1405,,1,1,1,1,1
bgem5,bgem5,1405,,1,1,1,1,1
e2d66,e2d66,1405,,1,1,1,1,1
5wddw,5wddw,1405,,1,1,1,1,1
be6np,be6np,1405,,1,1,1,1,1
76y6f,76y6f,1405,,1,1,1,1,1
gwnm6,gwnm6,1405,,1,1,1,1,1
exycn,exycn,1405,,1,1,1,1,1
6fn84,6fn84,1405,,1,1,1,1,1
4gycb,4gycb,1405,,1,1,1,1,1
xxbm5,xxbm5,1405,,1,1,1,1,1
cwdnx,cwdnx,1405,,1,1,1,1,1
8d4wm,8d4wm,1405,,1,1,1,1,1
36nx4,36nx4,1405,,1,1,1,1,1
5bb66,5bb66,1405,,1,1,1,1,1
4b2pw,4b2pw,1405,,1,1,1,1,1
5dxnm,5dxnm,1405,,1,1,1,1,1
mg5nn,mg5nn,1405,,1,1,1,1,1
42nxy,42nxy,1405,,1,1,1,1,1
gm7n8,gm7n8,1405,,1,1,1,1,1
76353,76353,1405,,1,1,1,1,1
23mdg,23mdg,1405,,1,1,1,1,1
g842c,g842c,1405,,1,1,1,1,1
fwxdp,fwxdp,1405,,1,1,1,1,1
m3wfw,m3wfw,1405,,1,1,1,1,1
d3c7y,d3c7y,1405,,1,1,1,1,1
g7gnf,g7gnf,1405,,1,1,1,1,1
mbf58,mbf58,1405,,1,1,1,1,1
f35xp,f35xp,1405,,1,1,1,1,1
pym7p,pym7p,1405,,1,1,1,1,1
n6nn2,n6nn2,1405,,1,1,1,1,1
yyg5g,yyg5g,1405,,1,1,1,1,1
xnfx5,xnfx5,1405,,1,1,1,1,1
xc68n,xc68n,1405,,1,1,1,1,1
ygfwe,ygfwe,1405,,1,1,1,1,1
467d5,467d5,1405,,1,1,1,1,1
efg72,efg72,1405,,1,1,1,1,1
bw5ym,bw5ym,1405,,1,1,1,1,1
b55d6,b55d6,1405,,1,1,1,1,1
36bc2,36bc2,1405,,1,1,1,1,1
pme86,pme86,1405,,1,1,1,1,1
fp382,fp382,1405,,1,1,1,1,1
3mxdn,3mxdn,1405,,1,1,1,1,1
88bgx,88bgx,1405,,1,1,1,1,1
cnmnn,cnmnn,1405,,1,1,1,1,1
g6n7x,g6n7x,1405,,1,1,1,1,1
5325m,5325m,1405,,1,1,1,1,1
m448b,m448b,1405,,1,1,1,1,1
245y5,245y5,1405,,1,1,1,1,1
d666m,d666m,1405,,1,1,1,1,1
nngxc,nngxc,1405,,1,1,1,1,1
c8fxy,c8fxy,1405,,1,1,1,1,1
mddgb,mddgb,1405,,1,1,1,1,1
yw667,yw667,1405,,1,1,1,1,1
y866y,y866y,1405,,1,1,1,1,1
63824,63824,1405,,1,1,1,1,1
bwmee,bwmee,1405,,1,1,1,1,1
4yc85,4yc85,1405,,1,1,1,1,1
ennmm,ennmm,1405,,1,1,1,1,1
mc8w2,mc8w2,1405,,1,1,1,1,1
8w875,8w875,1405,,1,1,1,1,1
m22e3,m22e3,1405,,1,1,1,1,1
mgdwb,mgdwb,1405,,1,1,1,1,1
gfbx6,gfbx6,1405,,1,1,1,1,1
fywb8,fywb8,1405,,1,1,1,1,1
pybee,pybee,1405,,1,1,1,1,1
x5f54,x5f54,1405,,1,1,1,1,1
nnp4e,nnp4e,1405,,1,1,1,1,1
defyx,defyx,1405,,1,1,1,1,1
2wc38,2wc38,1405,,1,1,1,1,1
w6yne,w6yne,1405,,1,1,1,1,1
cy3nw,cy3nw,1405,,1,1,1,1,1
7pn5g,7pn5g,1405,,1,1,1,1,1
ycnfc,ycnfc,1405,,1,1,1,1,1
w4cdc,w4cdc,1405,,1,1,1,1,1
2cegf,2cegf,1405,,1,1,1,1,1
mye68,mye68,1405,,1,1,1,1,1
x4pnp,x4pnp,1405,,1,1,1,1,1
c2g4d,c2g4d,1405,,1,1,1,1,1
34fxm,34fxm,1405,,1,1,1,1,1
n2gmg,n2gmg,1405,,1,1,1,1,1
6pfy4,6pfy4,1405,,1,1,1,1,1
5n3w4,5n3w4,1405,,1,1,1,1,1
4fp5g,4fp5g,1405,,1,1,1,1,1
bw5nf,bw5nf,1405,,1,1,1,1,1
bnc5f,bnc5f,1405,,1,1,1,1,1
yew6p,yew6p,1405,,1,1,1,1,1
efgx5,efgx5,1405,,1,1,1,1,1
6cwxe,6cwxe,1405,,1,1,1,1,1
ndme7,ndme7,1405,,1,1,1,1,1
mxnw4,mxnw4,1405,,1,1,1,1,1
x8e8n,x8e8n,1405,,1,1,1,1,1
my84e,my84e,1405,,1,1,1,1,1
mxyxw,mxyxw,1405,,1,1,1,1,1
xmcym,xmcym,1405,,1,1,1,1,1
b3xpn,b3xpn,1405,,1,1,1,1,1
5ep3n,5ep3n,1405,,1,1,1,1,1
8eggg,8eggg,1405,,1,1,1,1,1
8n34n,8n34n,1405,,1,1,1,1,1
5fyem,5fyem,1405,,1,1,1,1,1
p24gn,p24gn,1405,,1,1,1,1,1
ng6yp,ng6yp,1405,,1,1,1,1,1
n336e,n336e,1405,,1,1,1,1,1
7gnge,7gnge,1405,,1,1,1,1,1
53mn8,53mn8,1405,,1,1,1,1,1
e5n66,e5n66,1405,,1,1,1,1,1
pf4nb,pf4nb,1405,,1,1,1,1,1
deep5,deep5,1405,,1,1,1,1,1
cfw6e,cfw6e,1405,,1,1,1,1,1
85622,85622,1405,,1,1,1,1,1
cg5dd,cg5dd,1405,,1,1,1,1,1
56m6y,56m6y,1405,,1,1,1,1,1
ydg8n,ydg8n,1405,,1,1,1,1,1
34b84,34b84,1405,,1,1,1,1,1
bdbb3,bdbb3,1405,,1,1,1,1,1
6wnyc,6wnyc,1405,,1,1,1,1,1
d236n,d236n,1405,,1,1,1,1,1
wddcp,wddcp,1405,,1,1,1,1,1
ef4mn,ef4mn,1405,,1,1,1,1,1
e667x,e667x,1405,,1,1,1,1,1
e3ndn,e3ndn,1405,,1,1,1,1,1
p2ym2,p2ym2,1405,,1,1,1,1,1
w2e87,w2e87,1405,,1,1,1,1,1
enn7n,enn7n,1405,,1,1,1,1,1
gc83b,gc83b,1405,,1,1,1,1,1
xxw44,xxw44,1405,,1,1,1,1,1
ep85x,ep85x,1405,,1,1,1,1,1
3bx86,3bx86,1405,,1,1,1,1,1
gpnxn,gpnxn,1405,,1,1,1,1,1
8y6b3,8y6b3,1405,,1,1,1,1,1
n7g4f,n7g4f,1405,,1,1,1,1,1
ny3nn,ny3nn,1405,,1,1,1,1,1
42xpy,42xpy,1405,,1,1,1,1,1
nd5wg,nd5wg,1405,,1,1,1,1,1
pmd3w,pmd3w,1405,,1,1,1,1,1
nb45d,nb45d,1405,,1,1,1,1,1
xnn4d,xnn4d,1405,,1,1,1,1,1
p8ngx,p8ngx,1405,,1,1,1,1,1
e84n2,e84n2,1405,,1,1,1,1,1
xce8d,xce8d,1405,,1,1,1,1,1
fnbfw,fnbfw,1405,,1,1,1,1,1
5gcd3,5gcd3,1405,,1,1,1,1,1
8fexn,8fexn,1405,,1,1,1,1,1
677g3,677g3,1405,,1,1,1,1,1
474ff,474ff,1405,,1,1,1,1,1
mcg43,mcg43,1405,,1,1,1,1,1
4ynf3,4ynf3,1405,,1,1,1,1,1
wd2gb,wd2gb,1405,,1,1,1,1,1
x44n4,x44n4,1405,,1,1,1,1,1
yf28d,yf28d,1405,,1,1,1,1,1
325fb,325fb,1405,,1,1,1,1,1
8n62n,8n62n,1405,,1,1,1,1,1
nwncn,nwncn,1405,,1,1,1,1,1
b2nen,b2nen,1405,,1,1,1,1,1
pwmbn,pwmbn,1405,,1,1,1,1,1
ypp8f,ypp8f,1405,,1,1,1,1,1
fxpw3,fxpw3,1405,,1,1,1,1,1
xp24p,xp24p,1405,,1,1,1,1,1
6b4w6,6b4w6,1405,,1,1,1,1,1
fc2ff,fc2ff,1405,,1,1,1,1,1
efe62,efe62,1405,,1,1,1,1,1
pmg55,pmg55,1405,,1,1,1,1,1
wdww8,wdww8,1405,,1,1,1,1,1
m23bp,m23bp,1405,,1,1,1,1,1
x3deb,x3deb,1405,,1,1,1,1,1
mwxwp,mwxwp,1405,,1,1,1,1,1
mn5c4,mn5c4,1405,,1,1,1,1,1
neecd,neecd,1405,,1,1,1,1,1
wm746,wm746,1405,,1,1,1,1,1
mcyfx,mcyfx,1405,,1,1,1,1,1
pm47f,pm47f,1405,,1,1,1,1,1
5mgn4,5mgn4,1405,,1,1,1,1,1
gp7c5,gp7c5,1405,,1,1,1,1,1
f74x3,f74x3,1405,,1,1,1,1,1
dyxnc,dyxnc,1405,,1,1,1,1,1
b4ncn,b4ncn,1405,,1,1,1,1,1
7e2y7,7e2y7,1405,,1,1,1,1,1
7wn74,7wn74,1405,,1,1,1,1,1
d8xcn,d8xcn,1405,,1,1,1,1,1
4f8yp,4f8yp,1405,,1,1,1,1,1
4w6mw,4w6mw,1405,,1,1,1,1,1
5xwcg,5xwcg,1405,,1,1,1,1,1
ybfx6,ybfx6,1405,,1,1,1,1,1
3xng6,3xng6,1405,,1,1,1,1,1
c6f8g,c6f8g,1405,,1,1,1,1,1
c753e,c753e,1405,,1,1,1,1,1
fg8n4,fg8n4,1405,,1,1,1,1,1
ef4np,ef4np,1405,,1,1,1,1,1
ffnxn,ffnxn,1405,,1,1,1,1,1
8nn73,8nn73,1405,,1,1,1,1,1
28348,28348,1405,,1,1,1,1,1
m74dm,m74dm,1405,,1,1,1,1,1
emwpn,emwpn,1405,,1,1,1,1,1
4dw3w,4dw3w,1405,,1,1,1,1,1
cb8cf,cb8cf,1405,,1,1,1,1,1
gegw4,gegw4,1405,,1,1,1,1,1
w2yp7,w2yp7,1405,,1,1,1,1,1
87nym,87nym,1405,,1,1,1,1,1
ymp7g,ymp7g,1405,,1,1,1,1,1
253dc,253dc,1405,,1,1,1,1,1
dcnp8,dcnp8,1405,,1,1,1,1,1
pg2pm,pg2pm,1405,,1,1,1,1,1
gng6e,gng6e,1405,,1,1,1,1,1
y5n6d,y5n6d,1405,,1,1,1,1,1
mnef5,mnef5,1405,,1,1,1,1,1
6mn8n,6mn8n,1405,,1,1,1,1,1
yeyn4,yeyn4,1405,,1,1,1,1,1
ypw3d,ypw3d,1405,,1,1,1,1,1
n4cpy,n4cpy,1405,,1,1,1,1,1
dmx8p,dmx8p,1405,,1,1,1,1,1
573bn,573bn,1405,,1,1,1,1,1
b2g8e,b2g8e,1405,,1,1,1,1,1
6ng6w,6ng6w,1405,,1,1,1,1,1
58pnp,58pnp,1405,,1,1,1,1,1
8cm46,8cm46,1405,,1,1,1,1,1
xfg65,xfg65,1405,,1,1,1,1,1
4n3mn,4n3mn,1405,,1,1,1,1,1
c482b,c482b,1405,,1,1,1,1,1
ffd6p,ffd6p,1405,,1,1,1,1,1
728n8,728n8,1405,,1,1,1,1,1
ppx77,ppx77,1405,,1,1,1,1,1
2yggg,2yggg,1405,,1,1,1,1,1
2nf26,2nf26,1405,,1,1,1,1,1
gn2xy,gn2xy,1405,,1,1,1,1,1
xfgxb,xfgxb,1405,,1,1,1,1,1
f2fge,f2fge,1405,,1,1,1,1,1
25257,25257,1405,,1,1,1,1,1
y2xg4,y2xg4,1405,,1,1,1,1,1
ddnpf,ddnpf,1405,,1,1,1,1,1
pcm7f,pcm7f,1405,,1,1,1,1,1
xnnc3,xnnc3,1405,,1,1,1,1,1
bny23,bny23,1405,,1,1,1,1,1
5expp,5expp,1405,,1,1,1,1,1
6n443,6n443,1405,,1,1,1,1,1
n4b4m,n4b4m,1405,,1,1,1,1,1
yx2d4,yx2d4,1405,,1,1,1,1,1
dxwcw,dxwcw,1405,,1,1,1,1,1
785n4,785n4,1405,,1,1,1,1,1
xw465,xw465,1405,,1,1,1,1,1
m4fd8,m4fd8,1405,,1,1,1,1,1
e7nx4,e7nx4,1405,,1,1,1,1,1
678w3,678w3,1405,,1,1,1,1,1
gd8fb,gd8fb,1405,,1,1,1,1,1
76nxn,76nxn,1405,,1,1,1,1,1
fbp2c,fbp2c,1405,,1,1,1,1,1
md344,md344,1405,,1,1,1,1,1
dmw8n,dmw8n,1405,,1,1,1,1,1
x458w,x458w,1405,,1,1,1,1,1
377xx,377xx,1405,,1,1,1,1,1
dy3cx,dy3cx,1405,,1,1,1,1,1
bgb48,bgb48,1405,,1,1,1,1,1
4gb3f,4gb3f,1405,,1,1,1,1,1
7bb7b,7bb7b,1405,,1,1,1,1,1
px8n8,px8n8,1405,,1,1,1,1,1
5n732,5n732,1405,,1,1,1,1,1
nm248,nm248,1405,,1,1,1,1,1
yemy4,yemy4,1405,,1,1,1,1,1
dnne7,dnne7,1405,,1,1,1,1,1
dn2ym,dn2ym,1405,,1,1,1,1,1
662bw,662bw,1405,,1,1,1,1,1
dw8d3,dw8d3,1405,,1,1,1,1,1
xemyg,xemyg,1405,,1,1,1,1,1
c353e,c353e,1405,,1,1,1,1,1
nfcwy,nfcwy,1405,,1,1,1,1,1
3bnyf,3bnyf,1405,,1,1,1,1,1
en32e,en32e,1405,,1,1,1,1,1
y33nm,y33nm,1405,,1,1,1,1,1
wwmn6,wwmn6,1405,,1,1,1,1,1
m3b5p,m3b5p,1405,,1,1,1,1,1
c4mcm,c4mcm,1405,,1,1,1,1,1
wecfd,wecfd,1405,,1,1,1,1,1
n4xx5,n4xx5,1405,,1,1,1,1,1
pcpg6,pcpg6,1405,,1,1,1,1,1
xnd3y,xnd3y,1405,,1,1,1,1,1
3wnd3,3wnd3,1405,,1,1,1,1,1
n3x4c,n3x4c,1405,,1,1,1,1,1
5bnd7,5bnd7,1405,,1,1,1,1,1
8n65n,8n65n,1405,,1,1,1,1,1
8wy7d,8wy7d,1405,,1,1,1,1,1
yw7ny,yw7ny,1405,,1,1,1,1,1
865wm,865wm,1405,,1,1,1,1,1
mpxfb,mpxfb,1405,,1,1,1,1,1
yd38e,yd38e,1405,,1,1,1,1,1
5nxnn,5nxnn,1405,,1,1,1,1,1
g888x,g888x,1405,,1,1,1,1,1
y5g87,y5g87,1405,,1,1,1,1,1
dbpcd,dbpcd,1405,,1,1,1,1,1
e46pd,e46pd,1405,,1,1,1,1,1
63pxe,63pxe,1405,,1,1,1,1,1
8d8ep,8d8ep,1405,,1,1,1,1,1
2npg6,2npg6,1405,,1,1,1,1,1
x2cnn,x2cnn,1405,,1,1,1,1,1
enpw2,enpw2,1405,,1,1,1,1,1
8ne4g,8ne4g,1405,,1,1,1,1,1
bp6mw,bp6mw,1405,,1,1,1,1,1
5p3mm,5p3mm,1405,,1,1,1,1,1
w2n7e,w2n7e,1405,,1,1,1,1,1
646x8,646x8,1405,,1,1,1,1,1
7gce6,7gce6,1405,,1,1,1,1,1
b5fm7,b5fm7,1405,,1,1,1,1,1
mdxpn,mdxpn,1405,,1,1,1,1,1
445cc,445cc,1405,,1,1,1,1,1
f364x,f364x,1405,,1,1,1,1,1
mc35n,mc35n,1405,,1,1,1,1,1
xf4p4,xf4p4,1405,,1,1,1,1,1
57b27,57b27,1405,,1,1,1,1,1
bn5mw,bn5mw,1405,,1,1,1,1,1
3cpwb,3cpwb,1405,,1,1,1,1,1
nwfde,nwfde,1405,,1,1,1,1,1
gm6nn,gm6nn,1405,,1,1,1,1,1
yy824,yy824,1405,,1,1,1,1,1
pp546,pp546,1405,,1,1,1,1,1
yf347,yf347,1405,,1,1,1,1,1
dw3nn,dw3nn,1405,,1,1,1,1,1
w48cw,w48cw,1405,,1,1,1,1,1
p8wwf,p8wwf,1405,,1,1,1,1,1
2wx73,2wx73,1405,,1,1,1,1,1
8nbew,8nbew,1405,,1,1,1,1,1
62nb3,62nb3,1405,,1,1,1,1,1
d7en3,d7en3,1405,,1,1,1,1,1
d4n82,d4n82,1405,,1,1,1,1,1
nxn4f,nxn4f,1405,,1,1,1,1,1
x6pdb,x6pdb,1405,,1,1,1,1,1
8n4n8,8n4n8,1405,,1,1,1,1,1
664nf,664nf,1405,,1,1,1,1,1
4w76g,4w76g,1405,,1,1,1,1,1
y2ye8,y2ye8,1405,,1,1,1,1,1
myf82,myf82,1405,,1,1,1,1,1
cdmn8,cdmn8,1405,,1,1,1,1,1
68x48,68x48,1405,,1,1,1,1,1
e43ym,e43ym,1405,,1,1,1,1,1
44fyb,44fyb,1405,,1,1,1,1,1
ywn6f,ywn6f,1405,,1,1,1,1,1
c55c6,c55c6,1405,,1,1,1,1,1
25w53,25w53,1405,,1,1,1,1,1
xfn6n,xfn6n,1405,,1,1,1,1,1
xbem6,xbem6,1405,,1,1,1,1,1
n464c,n464c,1405,,1,1,1,1,1
gn2d3,gn2d3,1405,,1,1,1,1,1
mggce,mggce,1405,,1,1,1,1,1
fg7mg,fg7mg,1405,,1,1,1,1,1
f4wfn,f4wfn,1405,,1,1,1,1,1
wgnwp,wgnwp,1405,,1,1,1,1,1
nfndw,nfndw,1405,,1,1,1,1,1
7cgym,7cgym,1405,,1,1,1,1,1
d22n7,d22n7,1405,,1,1,1,1,1
8gmc4,8gmc4,1405,,1,1,1,1,1
6ge3p,6ge3p,1405,,1,1,1,1,1
g7wxw,g7wxw,1405,,1,1,1,1,1
e7x45,e7x45,1405,,1,1,1,1,1
c2pg6,c2pg6,1405,,1,1,1,1,1
cgcgb,cgcgb,1405,,1,1,1,1,1
ebcbx,ebcbx,1405,,1,1,1,1,1
bny4w,bny4w,1405,,1,1,1,1,1
2g783,2g783,1405,,1,1,1,1,1
b6f2p,b6f2p,1405,,1,1,1,1,1
nbfx5,nbfx5,1405,,1,1,1,1,1
c2fb7,c2fb7,1405,,1,1,1,1,1
8pfxx,8pfxx,1405,,1,1,1,1,1
fc6xb,fc6xb,1405,,1,1,1,1,1
n373n,n373n,1405,,1,1,1,1,1
dd5w5,dd5w5,1405,,1,1,1,1,1
nnn5p,nnn5p,1405,,1,1,1,1,1
264m5,264m5,1405,,1,1,1,1,1
bw44w,bw44w,1405,,1,1,1,1,1
6dd2y,6dd2y,1405,,1,1,1,1,1
xngxc,xngxc,1405,,1,1,1,1,1
3bfnd,3bfnd,1405,,1,1,1,1,1
w52fn,w52fn,1405,,1,1,1,1,1
5ng6e,5ng6e,1405,,1,1,1,1,1
53wb8,53wb8,1405,,1,1,1,1,1
m67b3,m67b3,1405,,1,1,1,1,1
c86md,c86md,1405,,1,1,1,1,1
2x7bm,2x7bm,1405,,1,1,1,1,1
dn26n,dn26n,1405,,1,1,1,1,1
wg625,wg625,1405,,1,1,1,1,1
nbf8m,nbf8m,1405,,1,1,1,1,1
bdg84,bdg84,1405,,1,1,1,1,1
75pfw,75pfw,1405,,1,1,1,1,1
yf424,yf424,1405,,1,1,1,1,1
gw53m,gw53m,1405,,1,1,1,1,1
x4gg5,x4gg5,1405,,1,1,1,1,1
66wp5,66wp5,1405,,1,1,1,1,1
cnwyc,cnwyc,1405,,1,1,1,1,1
7y2x4,7y2x4,1405,,1,1,1,1,1
d378n,d378n,1405,,1,1,1,1,1
2b827,2b827,1405,,1,1,1,1,1
dbfen,dbfen,1405,,1,1,1,1,1
mp7wp,mp7wp,1405,,1,1,1,1,1
pcede,pcede,1405,,1,1,1,1,1
x38fn,x38fn,1405,,1,1,1,1,1
y5w28,y5w28,1405,,1,1,1,1,1
y7x8p,y7x8p,1405,,1,1,1,1,1
dpbyd,dpbyd,1405,,1,1,1,1,1
n3ffn,n3ffn,1405,,1,1,1,1,1
wc2bd,wc2bd,1405,,1,1,1,1,1
x6b5m,x6b5m,1405,,1,1,1,1,1
88y52,88y52,1405,,1,1,1,1,1
pdyc8,pdyc8,1405,,1,1,1,1,1
wce5n,wce5n,1405,,1,1,1,1,1
573d8,573d8,1405,,1,1,1,1,1
ec6pm,ec6pm,1405,,1,1,1,1,1
6gnm3,6gnm3,1405,,1,1,1,1,1
x3fwf,x3fwf,1405,,1,1,1,1,1
77n6g,77n6g,1405,,1,1,1,1,1
m3588,m3588,1405,,1,1,1,1,1
myc3c,myc3c,1405,,1,1,1,1,1
nc4yg,nc4yg,1405,,1,1,1,1,1
25egp,25egp,1405,,1,1,1,1,1
3pe4g,3pe4g,1405,,1,1,1,1,1
p4pde,p4pde,1405,,1,1,1,1,1
n2by7,n2by7,1405,,1,1,1,1,1
xgcxy,xgcxy,1405,,1,1,1,1,1
3w2bw,3w2bw,1405,,1,1,1,1,1
ndyfe,ndyfe,1405,,1,1,1,1,1
b84xc,b84xc,1405,,1,1,1,1,1
cpc8c,cpc8c,1405,,1,1,1,1,1
5n245,5n245,1405,,1,1,1,1,1
6xxdx,6xxdx,1405,,1,1,1,1,1
cffp4,cffp4,1405,,1,1,1,1,1
ny8np,ny8np,1405,,1,1,1,1,1
y4n6m,y4n6m,1405,,1,1,1,1,1
7wyp4,7wyp4,1405,,1,1,1,1,1
7gmf3,7gmf3,1405,,1,1,1,1,1
pmf5w,pmf5w,1405,,1,1,1,1,1
cfc56,cfc56,1405,,1,1,1,1,1
dn5df,dn5df,1405,,1,1,1,1,1
g78gn,g78gn,1405,,1,1,1,1,1
3ny45,3ny45,1405,,1,1,1,1,1
2ycn8,2ycn8,1405,,1,1,1,1,1
xe8xm,xe8xm,1405,,1,1,1,1,1
8n5pn,8n5pn,1405,,1,1,1,1,1
4dgf7,4dgf7,1405,,1,1,1,1,1
gnc3n,gnc3n,1405,,1,1,1,1,1
3den6,3den6,1405,,1,1,1,1,1
33p4e,33p4e,1405,,1,1,1,1,1
7wnpm,7wnpm,1405,,1,1,1,1,1
73mnx,73mnx,1405,,1,1,1,1,1
2cg58,2cg58,1405,,1,1,1,1,1
3nw7w,3nw7w,1405,,1,1,1,1,1
4cn7b,4cn7b,1405,,1,1,1,1,1
8y63f,8y63f,1405,,1,1,1,1,1
8c23f,8c23f,1405,,1,1,1,1,1
nbcgb,nbcgb,1405,,1,1,1,1,1
nf8b8,nf8b8,1405,,1,1,1,1,1
3bd8f,3bd8f,1405,,1,1,1,1,1
7xd5m,7xd5m,1405,,1,1,1,1,1
pm363,pm363,1405,,1,1,1,1,1
d6fcn,d6fcn,1405,,1,1,1,1,1
3p4nn,3p4nn,1405,,1,1,1,1,1
64m82,64m82,1405,,1,1,1,1,1
x4f7g,x4f7g,1405,,1,1,1,1,1
3ebnn,3ebnn,1405,,1,1,1,1,1
gc277,gc277,1405,,1,1,1,1,1
dbex3,dbex3,1405,,1,1,1,1,1
6e6pn,6e6pn,1405,,1,1,1,1,1
44xe8,44xe8,1405,,1,1,1,1,1
gny6b,gny6b,1405,,1,1,1,1,1
en4n4,en4n4,1405,,1,1,1,1,1
bgd4m,bgd4m,1405,,1,1,1,1,1
mgw3n,mgw3n,1405,,1,1,1,1,1
ecd4w,ecd4w,1405,,1,1,1,1,1
8w754,8w754,1405,,1,1,1,1,1
f75cx,f75cx,1405,,1,1,1,1,1
cen55,cen55,1405,,1,1,1,1,1
w8f36,w8f36,1405,,1,1,1,1,1
cdcb3,cdcb3,1405,,1,1,1,1,1
nbp3e,nbp3e,1405,,1,1,1,1,1
b5nmm,b5nmm,1405,,1,1,1,1,1
387g2,387g2,1405,,1,1,1,1,1
bnc2f,bnc2f,1405,,1,1,1,1,1
y7mnm,y7mnm,1405,,1,1,1,1,1
neggn,neggn,1405,,1,1,1,1,1
p2m6n,p2m6n,1405,,1,1,1,1,1
74eyg,74eyg,1405,,1,1,1,1,1
d22bd,d22bd,1405,,1,1,1,1,1
bbymy,bbymy,1405,,1,1,1,1,1
58b5m,58b5m,1405,,1,1,1,1,1
nnfx3,nnfx3,1405,,1,1,1,1,1
y5dpp,y5dpp,1405,,1,1,1,1,1
ng2gw,ng2gw,1405,,1,1,1,1,1
yd755,yd755,1405,,1,1,1,1,1
47e4p,47e4p,1405,,1,1,1,1,1
bw6n6,bw6n6,1405,,1,1,1,1,1
8gecm,8gecm,1405,,1,1,1,1,1
28x47,28x47,1405,,1,1,1,1,1
pf5ng,pf5ng,1405,,1,1,1,1,1
be3bp,be3bp,1405,,1,1,1,1,1
34pcn,34pcn,1405,,1,1,1,1,1
52447,52447,1405,,1,1,1,1,1
nnn57,nnn57,1405,,1,1,1,1,1
f6ne5,f6ne5,1405,,1,1,1,1,1
mm3nn,mm3nn,1405,,1,1,1,1,1
xbcbx,xbcbx,1405,,1,1,1,1,1
ggd7m,ggd7m,1405,,1,1,1,1,1
de45x,de45x,1405,,1,1,1,1,1
b28g8,b28g8,1405,,1,1,1,1,1
6p7gx,6p7gx,1405,,1,1,1,1,1
gfp54,gfp54,1405,,1,1,1,1,1
